,Delta,Gamma,Vega,Theta,Rho
60.0,0.010607726361851453,0.0023382596234746834,0.01683546928901772,-0.0005102014838414976,0.0059562829039898
60.5,0.01182912697660911,0.0025493916119894195,0.018662821295568545,-0.0005663147266701023,0.006692220759633958
61.0,0.013159179493509997,0.002772891183175748,0.02063585618519392,-0.0006270120124078627,0.0075002742256435615
61.5,0.014604099731113578,0.003008878567597264,0.022760661924589507,-0.0006925003571254441,0.008385337034964004
62.0,0.016170151614754366,0.0032574255899017095,0.025043087935164344,-0.0007629812518154649,0.009352425853667076
62.5,0.01786362244163299,0.0035185535934960242,0.027488699949187692,-0.0008386493069243737,0.010406665845173158
63.0,0.01969079718866399,0.003792231690183469,0.030102735156676382,-0.0009196908948308465,0.011553275015498365
63.5,0.02165793203019549,0.004078375352706727,0.0328900580319034,-0.001006282801557736,0.012797547416513198
64.0,0.023771227240787122,0.004376845364515639,0.035855117226112114,-0.0010985908990320584,0.014144835295193368
64.5,0.02603679966446234,0.004687447137347071,0.0390019039062963,-0.001196768849106554,0.015600530286976364
65.0,0.028460654936200275,0.005009930403420821,0.04233391190890594,-0.0013009568503303218,0.017170043760502688
65.5,0.03104865964388671,0.005343989285270682,0.045854100062265084,-0.0014112804381096384,0.018858786429122393
66.0,0.03380651361951703,0.005689262742493625,0.04956485701260447,-0.00152784934843995,0.020672147351512335
66.5,0.03673972254716933,0.006045335391058495,0.05346796886621687,-0.001650756454823842,0.022615472449511235
67.0,0.03985357107220446,0.006411738687312259,0.057564589934689464,-0.0017800767873268272,0.02469404267579907
67.5,0.04315309659137961,0.0067879524654952325,0.06185521684182531,-0.0019158666419729767,0.026913051967294484
68.0,0.046643063897178434,0.0071734068144618905,0.06633966622014358,-0.0020581627878568714,0.029277585122107434
68.5,0.050327940841780903,0.007567484276430544,0.07101705619216243,-0.0022069817784584607,0.031792595738571267
69.0,0.0542118751768445,0.007969522347979013,0.07588579179745618,-0.0023623193727054345,0.03446288435430728
69.5,0.05829867271478468,0.008378816261184457,0.08094355449117244,-0.0025241500703456613,0.03729307692148067
70.0,0.06259177694567407,0.008794622020788897,0.08618729580373119,-0.0026924267651825154,0.040287603751435405
70.5,0.06709425023138309,0.009216159671569532,0.09161323521523695,-0.002867080518700839,0.04345067905781222
71.0,0.07180875668531363,0.00964261676870861,0.09721686226212022,-0.003048020455582356,0.046786281222119225
71.5,0.07673754683219687,0.010073152022894993,0.10299294285808985,-0.003235133781588444,0.05029813389962776
72.0,0.08188244412809087,0.010506899091144316,0.10893552977698427,-0.0034282859232857656,0.05398968807648724
72.5,0.08724483340608863,0.010942970483891295,0.11503797721190724,-0.00362732078811683,0.0578641051811901
73.0,0.0928256512984777,0.011380461558775427,0.12129295929342852,-0.00383206114238214,0.06192424134506522
73.5,0.09862537867132803,0.011818454571697378,0.12769249241990432,-0.0040423091038119694,0.06617263289744192
74.0,0.1046440350928739,0.012256022756151633,0.1342279612253727,-0.004257846744571365,0.07061148317160702
74.5,0.11088117534271491,0.012692234402522918,0.14089014798520566,-0.00447843679976821,0.07524265068778
75.0,0.11733588795492672,0.013126156909949801,0.14766926523693524,-0.0047038234758269345,0.08006763876915954
75.5,0.12400679577474627,0.013556860784486426,0.1545549913735375,-0.004933733352453785,0.08508758663675213
76.0,0.13089205849568541,0.01398342355861023,0.16153650894906538,-0.005167876371357474,0.09030326201827482
76.5,0.13798937713181053,0.014404933608605295,0.16860254542192066,-0.005405946904403555,0.09571505529603026
77.0,0.14529600036859802,0.01482049384797476,0.1757414160492847,-0.005647624893473838,0.10132297520836778
77.5,0.1528087327252749,0.015229225276776316,0.1829410686372755,-0.005892577053974071,0.10712664610926036
78.0,0.16052394445196366,0.015630270368608954,0.19018912984523378,-0.006140458133683512,0.1131253067807147
78.5,0.1684375830762827,0.016022796278883627,0.19747295273910126,-0.006390912218468026,0.11931781078327237
79.0,0.1765451865063576,0.016405997859961986,0.2047796652880455,-0.006643574076281874,0.1257026283208097
79.5,0.18484189759048775,0.016779100470725696,0.21209621950020816,-0.006898070530859969,0.13227784958726907
80.0,0.19332248002798502,0.017141362570121832,0.21940944089755945,-0.0071540218565487226,0.13904118955489636
80.5,0.2019813355209722,0.017492078086200187,0.22670607803619752,-0.007411043185836148,0.14598999415607283
81.0,0.21081252205316736,0.017830578554097018,0.23397285178686103,-0.007668745921316213,0.15312124780393568
81.5,0.2198097731788906,0.01815623501831169,0.24119650410076166,-0.007926739144054217,0.16043158219072404
82.0,0.228966518203657,0.018468459696452808,0.24836384599789743,-0.008184631010604081,0.16791728629717187
82.5,0.23827590313674968,0.018766707403385846,0.2554618045285898,-0.008442030131259892,0.17557431754132086
83.0,0.24773081229606198,0.019050476736384762,0.2624774684739093,-0.00869854692249764,0.1833983139908488
83.5,0.2573238904461863,0.0193193110234647,0.26939813256670353,-0.008953794926973237,0.19138460755939848
84.0,0.267047565352197,0.019572799038544923,0.2762113400319459,-0.009207392094884442,0.19952823810445405
84.5,0.27689407063373844,0.019810575488453747,0.28290492326286376,-0.009458962020971783,0.2078239683420212
85.0,0.2868554688068565,0.02003232127803582,0.28946704246761756,-0.009708135131921513,0.2162662994917255
85.5,0.296923674404427,0.020237763560753103,0.2958862221399908,-0.009954549819437424,0.2248494875649172
86.0,0.3070904770699892,0.02042667558318296,0.30215138522644236,-0.010197853514762281,0.2335675602079364
86.5,0.31734756452422197,0.02059887633270827,0.3082518848808129,-0.010437703700949721,0.2424143340128396
87.0,0.32768654530814584,0.020754229998466975,0.3141775337167931,-0.0106737688597085,0.25138343220855736
87.5,0.3380989712123368,0.020892645256282684,0.3199186304868286,-0.01090572935015948,0.2604683026466413
88.0,0.3485763593069363,0.02101407438883698,0.32546598413430716,-0.011133278217356955,0.26966223599740574
88.5,0.3591102134929853,0.021118512252771126,0.3308109351835333,-0.011356121928927125,0.27895838407435586
89.0,0.369692045501538,0.02120599510472396,0.335945374449037,-0.011573981038663547,0.288349778207275
89.5,0.38031339527307195,0.02127659929852928,0.3408617590620884,-0.01178659077639017,0.2978293475871761
90.0,0.3909658506558562,0.021330439865914385,0.34555312582781306,-0.011993701563853624,0.30738993750948074
90.5,0.4016410663681218,0.02136766899306871,0.3500131019409621,-0.012195079456836354,0.31702432744521614
91.0,0.41233078217505115,0.021388474405392568,0.3542359131021117,-0.01239050651408823,0.3267252488736955
91.5,0.42302684023772585,0.021393077672598237,0.3582163890888212,-0.012579781094055532,0.3364854028140188
92.0,0.43372120159721156,0.021381732446125446,0.36194996684801156,-0.012762718080740905,0.34629747699677155
92.5,0.4444059617628692,0.021354722640556788,0.3654326911865281,-0.01293914904035526,0.3561541626214627
93.0,0.4550733653797469,0.021312360570383732,0.3686612131464978,-0.013108922310721928,0.36604817064950834
93.5,0.46571581995548517,0.021254985053085883,0.37163278616068013,-0.013271903025664299,0.37597224758688896
94.0,0.4763259086325426,0.021182959489053042,0.3743452600905454,-0.01342797307685026,0.3859191907149633
94.5,0.4868964019967005,0.021096669928406735,0.37679707325630857,-0.013577031015780595,0.3958818627322772
95.0,0.4974202689177009,0.02099652313427221,0.37898724257361344,-0.013718991898793777,0.4058532057745314
95.5,0.5078906864225262,0.020882944651519197,0.3809153519160359,-0.013853787078117342,0.4158262547841567
96.0,0.5183010486061903,0.02075637688943567,0.38258153882607837,-0.013981363942126608,0.4257941502051426
96.5,0.5286449745890065,0.02061727722622923,0.3839864796999063,-0.014101685608075834,0.43575014998287237
97.0,0.5389163155330994,0.02046611614267019,0.38513137357276767,-0.014214730570646098,0.44568764085271634
97.5,0.5491091607344372,0.02030337539160449,0.38601792463288037,-0.014320492309708952,0.45560014890498785
98.0,0.5592178428098801,0.020129546209476875,0.38664832359163187,-0.014418978860737208,0.46548134941758723
98.5,0.5692369420016619,0.019945127575420184,0.387025228037241,-0.01451021235130422,0.4753250759512098
99.0,0.5791612896243563,0.019750624522888283,0.3871517418976561,-0.014594228507103305,0.48512532870538183
99.5,0.5889859706817274,0.019546546508242054,0.3870313941364468,-0.014671076130889969,0.4948762821367902
100.0,0.5987063256829237,0.019333405840142464,0.3866681168028493,-0.014740816557703216,0.5045722918443936
100.5,0.6083179516892734,0.019111716173065084,0.38606622255400125,-0.014803523089659992,0.5142079007286281
101.0,0.6178167026244601,0.01888199106772901,0.3852303817638073,-0.014859280413539814,0.5237778444346531
101.5,0.627198688882126,0.018644742620731385,0.3841655993288598,-0.014908184004286661,0.5332770560920111
102.0,0.6364602762659867,0.01840048016519902,0.3828771912774613,-0.014950339517453646,0.5427006703653228
102.5,0.64559808429831,0.01814970904381218,0.38137076128310343,-0.014985862173504087,0.5520440268326524
103.0,0.6546089839332085,0.017892929455122823,0.379652177178796,-0.015014876136761925,0.5613026727100475
103.5,0.6634900947115229,0.017630635373683173,0.37772754756347526,-0.015037513891676303,0.5704723649423663
104.0,0.6722387813942644,0.017363313544118342,0.3756031985863679,-0.015053915618930637,0.5795490716820008
104.5,0.6808526501115347,0.01709144254892215,0.3732856509897342,-0.01506422857378724,0.5885289731783337
105.0,0.6893295440636719,0.01681549194942603,0.37078159748484396,-0.015068606468915391,0.5974084621018925
105.5,0.6976675388109967,0.016535921499088505,0.3680978805304597,-0.01506720886380477,0.6061841433280479
106.0,0.7058649371880602,0.016253180427975925,0.36524147057747497,-0.015060200562718888,0.6148528332058816
106.5,0.7139202638776407,0.015967706797054785,0.3622194448377893,-0.015047751022994835,0.6234115583384072
107.0,0.7218322596790153,0.015679926920689674,0.35903896662995216,-0.015030033775347697,0.631857553900796
107.5,0.7295998755041542,0.015390254855540601,0.35570726534868213,-0.015007225857691429,0.6401882615235168
108.0,0.7372222661345585,0.015099091953875364,0.35223161710000456,-0.014979507263842519,0.6484013267674914
108.5,0.7446987837704104,0.014806826479159185,0.34861932603856344,-0.014947060408330715,0.6564945962183587
109.0,0.752028971402622,0.014513833281650774,0.3448777064385857,-0.014910069608401405,0.6644661142268853
109.5,0.7592125560371852,0.014220473531623664,0.3410140655251013,-0.01486872058415887,0.672314119322325
110.0,0.7662494418000284,0.013927094507739761,0.33703568708730214,-0.014823199977667937,0.6800370403252584
110.5,0.7731397029493168,0.013634029438030583,0.33294981589142586,-0.014773694891704967,0.687633492186018
111.0,0.7798835768208566,0.013341597390886833,0.32876364290623344,-0.014720392448727056,0.6951022715743469
111.5,0.7864814567309453,0.013050103213419862,0.3244842913500781,-0.01466347937051193,0.7024423522453579
112.0,0.7929338848596947,0.012759837514536134,0.32011880356468253,-0.014603141578809837,0.7096528802062549
112.5,0.79924154513651,0.012471076690059042,0.3156741287171195,-0.01453956381724353,0.7167331687075645
113.0,0.8054052561480926,0.012184082987237464,0.3111571113280704,-0.014472929294592946,0.7236826930819074
113.5,0.8114259640879875,0.0118991046059995,0.3065744806212741,-0.014403419349507748,0.7305010854525288
114.0,0.8173047357654017,0.011616375834338508,0.3019328406861265,-0.01433121313660342,0.7371881293329945
114.5,0.8230427516897127,0.011336117215258268,0.29723866144267946,-0.014256487333815234,0.7437437541385887
115.0,0.8286412992458079,0.01105853574275274,0.29249827039581,-0.014179415870809002,0.7501680296290619
115.5,0.8341017659741626,0.010783825084352262,0.28771784516306054,-0.014100169678178181,0.7564611603014768
116.0,0.8394256329683265,0.010512165827832027,0.2829034067586155,-0.01401891645709325,0.7626234797509607
116.5,0.8446144684013186,0.010243725749748519,0.27806081361404866,-0.013935820469011678,0.7686554450162586
117.0,0.8496699211912742,0.00997866010354509,0.2731957563148575,-0.013851042345004526,0.7745576309260257
117.5,0.8545937148155835,0.009717111925047565,0.2683137530303759,-0.013764738914209223,0.7803307244608694
118.0,0.8593876412816842,0.009459212353254724,0.2634201456134376,-0.01367706305087673,0.7859755191452104
118.5,0.8640535552616551,0.009205080964414693,0.2585200963451044,-0.013588163539444866,0.7914929094821105
119.0,0.8685933683967657,0.008954826117467932,0.2536185852989268,-0.013498184957038731,0.7968838854432897
119.5,0.8730090437772089,0.008708545309027503,0.24872040829848,-0.013407267572772037,0.8021495270256643
120.0,0.8773025906013396,0.008466325536159855,0.24383017544140384,-0.013315547263201541,0.8072909988848415
120.5,0.8814760590179149,0.008228243665321076,0.2389523101627567,-0.013223155443268544,0.8123095450551506
121.0,0.8855315351540108,0.007994366805896573,0.23409104881026344,-0.013130219012047821,0.8172064837649404
121.5,0.8894711363305579,0.007764752686883727,0.22925044070389858,-0.013036860312614152,0.8219832023550597
122.0,0.8932970064667125,0.0075394500353488155,0.22443434865226355,-0.012943197105330262,0.8266411523076366
122.5,0.8970113116736369,0.007318498955378923,0.21964644989830995,-0.01284934255385657,0.8311818443915162
123.0,0.9006162360376239,0.007101931306338869,0.2148902374672015,-0.012755405223183329,0.8356068439299666
123.5,0.9041139775919486,0.006889771079329122,0.2101690218893952,-0.012661489088988096,0.8399177661955675
124.0,0.9075067444762829,0.006682034770826052,0.20548593327244277,-0.012567693557627206,0.8441162719365012
124.5,0.910796751282031,0.006478731752567572,0.20084392369547102,-0.012474113496077334,0.8482040630378388
125.0,0.9139862155814862,0.006279864636827717,0.19624576990086612,-0.012380839271153372,0.8521828783207732
125.5,0.9170773546383105,0.006085429636300248,0.19169407625827595,-0.012287956797340615,0.8560544894821883
126.0,0.92007238229646,0.005895416917886349,0.18719127797672738,-0.012195547592592934,0.8598206971763825
126.5,0.9229735060443439,0.0057098109497526455,0.18273964454135855,-0.012103688841463919,0.8634833272402482
127.0,0.9257829242507143,0.0055285908410942055,0.1783412833520169,-0.012012453464954356,0.8670442270627237
127.5,0.9285028235685062,0.005351730674103085,0.17399814354177653,-0.011921910196477594,0.8705052620988522
128.0,0.9311353765026221,0.005179199827704644,0.1697120199542258,-0.01183212366336274,0.8738683125283808
128.5,0.9336827391374452,0.005010963292683833,0.16548455725923727,-0.011743154473335807,0.877135270058399
129.0,0.9361470490196966,0.004846981977879078,0.16131725418777149,-0.011655059305438992,0.8803080348691726
129.5,0.9385304231920979,0.004687213007174994,0.1572114678671529,-0.011567891004869615,0.8833885127019602
130.0,0.9408349563731846,0.004531610007074574,0.1531684182391206,-0.011481698681241393,0.8863786120873008
130.5,0.943062719278512,0.004380123384678795,0.1491891925438521,-0.011396527809792875,0.8892802417119593
131.0,0.9452157570784266,0.004232700595945125,0.14527474985402858,-0.011312420335089486,0.8920953079224587
131.5,0.9472960879875166,0.004089286404137654,0.1414259256438987,-0.011229414776788044,0.8948257123628831
132.0,0.9493057019808249,0.003949823128419389,0.13764343637915888,-0.011147546337054424,0.8974733497444255
132.5,0.9512465596318889,0.0038142508825728385,0.13392788411433879,-0.011066847009247266,0.9000401057439547
133.0,0.9531205910676783,0.0036825078038672686,0.13027976108521624,-0.010987345687502184,0.9025278550287115
133.5,0.9549296950355104,0.003554530272121414,0.12669945428463175,-0.010909068276872828,0.9049384594040881
134.0,0.9566757380770616,0.003430253119037372,0.12318725001087011,-0.010832037803705924,0.9072737660813205
134.5,0.9583605538046349,0.003309609827906984,0.11974333837858865,-0.010756274525948762,0.9095356060618037
135.0,0.9599859422748986,0.0031925327238142417,0.11636781778302911,-0.010681796043107582,0.911725792634659
135.5,0.9615536694553789,0.0030789531544780785,0.11306069930901229,-0.010608617405595593,0.9138461199840897
136.0,0.9630654667790696,0.0029688016618980165,0.10982191107693144,-0.010536751223228386,0.9158983619030155
136.5,0.9645230307826002,0.0028620081449817173,0.1066513025186712,-0.010466207772643772,0.9178842706094217
137.0,0.9659280228235044,0.002758502013347635,0.10354864857704353,-0.01039699510344087,0.9198055756618274
137.5,0.9672820688722267,0.0026582123325088716,0.10051365382299171,-0.010329119142851242,0.9216639829702622
138.0,0.9685867593746095,0.0025610679606549664,0.09754595648542637,-0.010262583798771662,0.9234611738991311
138.5,0.9698436491807196,0.0024669976772578473,0.0946451323891587,-0.010197391061004483,0.9251988044583499
139.0,0.971054257535981,0.002375930303735839,0.09181069879696029,-0.010133541100567285,0.926878504579152
139.5,0.9722200681307044,0.002287794816415936,0.08904211815231643,-0.010071032366948314,0.9285018774709901
140.0,0.9733425292042235,0.002202520452039786,0.08633880171995961,-0.01000986168319877,0.930070499055985
