Option,Greek,Analytique,Différences finies
call,Delta,0.5987063256829237,0.5986338596660303
call,Gamma,0.019333405840142464,0.019330556172221236
call,Vega,0.3866681168028493,0.3867770022027628
call,Theta,-0.014740816557703216,-0.014748597901530047
call,Rho,0.5045722918443936,0.5116503334214215
put,Delta,-0.4012936743170763,-0.40136614033396967
put,Gamma,0.019333405840142464,0.019330556172221236
put,Vega,0.3866681168028493,0.3867770022027628
put,Theta,-0.006764551898400409,-0.00677200544154033
put,Rho,-0.46587324170411465,-0.45395910619708246
