,Put européen,Put américain,Prime
60.0,37.08514140714553,40.0,2.914858592854472
62.0,35.11147925983078,38.0,2.88852074016922
64.0,33.15053413020729,36.0,2.8494658697927093
66.0,31.2079195268667,34.0,2.7920804731333
68.0,29.288207916065613,32.0,2.7117920839343874
70.0,27.395678488952914,30.0,2.604321511047086
72.0,25.54083676549396,28.0,2.4591632345060397
74.0,23.726009018893883,26.0,2.2739909811061167
76.0,21.962003344108403,24.0,2.0379966558915967
78.0,20.25125831742852,22.010916293082474,1.7596579756539548
80.0,18.607197384159438,20.11117978529831,1.5039824011388738
82.0,17.026122713041744,18.31260181938846,1.2864791063467145
84.0,15.524175682311343,16.619518133507796,1.0953424511964531
86.0,14.099593466034513,15.03103611935482,0.9314426533203068
88.0,12.752274045948285,13.544777470167151,0.7925034242188662
90.0,11.491173093992394,12.162917263438647,0.6717441694462529
92.0,10.319586791866515,10.886719695051955,0.5671329031854402
94.0,9.230628890486017,9.709432644264743,0.47880375377872575
96.0,8.224176523160642,8.628252242628424,0.404075719467782
98.0,7.299236050473618,7.639996597552473,0.3407605470788555
100.0,6.453991162085775,6.741085006499874,0.28709384441409913
102.0,5.692442018103675,5.932097713704619,0.2396556956009439
104.0,5.003293301164959,5.203459256254727,0.2001659550897683
106.0,4.382758528737254,4.5497854184837445,0.1670268897464906
108.0,3.826679598915007,3.9658862850098897,0.13920668609488285
110.0,3.330641478387992,3.446496821272024,0.1158553428840321
112.0,2.8900832367701357,2.9863661302398183,0.09628289346968266
114.0,2.500401305195746,2.5803067961082418,0.07990549091249566
116.0,2.1570416588352326,2.223267351828596,0.06622569299336334
118.0,1.8555785596222356,1.9104024106134359,0.05482385099120024
120.0,1.5917784702340514,1.637136530987428,0.04535806075337656
122.0,1.3616486911396166,1.3991909490150802,0.037542257875463614
124.0,1.1614711177068289,1.1926583501122754,0.03118723240544652
126.0,0.9902108022717119,1.015973505492933,0.025762703221221206
128.0,0.8428840656181414,0.8639492345861061,0.02106516896796462
130.0,0.7157502987792804,0.7329589996737552,0.017208700894474793
132.0,0.6062191727650802,0.6202698551120809,0.014050682347000687
134.0,0.5120046942465578,0.5234909489502498,0.011486254703692023
136.0,0.43110153948549385,0.44052910220222563,0.009427562716731785
138.0,0.3617582891152272,0.36965866782934625,0.007900378714119027
140.0,0.30500404164398354,0.31140001069183243,0.006395969047848893
